工商银行,ICBC
中国银行,BOC
招商银行,CMBCHINA
广发银行,CGB
邮政储蓄,POST
民生银行,CMBC
华夏银行,HXB
农业银行,ABC
建设银行,CCB
浦发银行,SPDB
交通银行,BOCO
中信银行,ECITIC
光大银行,CEB
兴业银行,CIB
平安银行,PINGANBANK
上海银行,SHB
北京银行,BCCB
广州银行,GZCB
东亚银行,HKBEA
上海农商行,SRCB
青岛银行,QDCCB
兰州银行,LZBANK
北京农商行,BJRCB
渤海银行,CBHB
河北银行,SCCB
汉口银行,HKB
中国进出口银行,EIB
微商银行,HSB
杭州银行,HZBANK
宁波银行,NBCB
南京银行,NJCB
浙商银行,CZ
天津银行,TCCB
成都银行,BOCD
南洋商业银行,NCBBANK
宁波银行,NBCB
泰隆银行,ZJTLCB
国家开发银行,CDB
中国农业发展银行,ADBC
广州农商银行,CRCB
温州银行,WZCBCNSH
安徽省农村信用社联合社,ARCCA
哈尔滨银行,HRBCB
吉林农村信用社,JINLINRCC
吉林银行,JLBANK
海南省农村信用社,HAINANRCC
包商银行,BAOSHANGBANK
江苏银行,JIANGSUBANK
邯郸市商业银行,HANDANCCB
浙江省农村信用社,ZHEJIANGRCC
江苏省农村信用社联合社,JSRCCA
乌海银行股份有限公司,WUHAIBANK
恒丰银行,HENGFENGBANK
大连银行,DALIANBANK
重庆农村商业银行,CHONGQINGRCB
重庆银行,CHONGQINGBANK
,
,
福建省农村信用社,FUJIANRCC
龙江银行,LONGJIANGBANK
厦门银行,XIAMENBANK
东莞银行,DONGGUANGBANK
广西农村信用社,GUANGXIRCC
柳州银行,LIUZHOUBANK
云南农村信用社,YUNNANRCC
东莞农村商业银行,DONGGUANGRCB
昆仑银行,KUNLUNBANK
